product_id,name_en,name_ar,category,tags,interest_keys,style_tags,price_sar,currency,budget_band,age_min,age_max,occasions,relationship_fit,giftability,embarrassment_risk,novelty,is_experience,personalizable,requires_size,available_in_jeddah,delivery_days,retailer_hint,product_url,image_url,data_status,verified_at,notes
GC-0001,"Ceremonial matcha starter set (whisk, scoop, bowl)",طقم ماتشا للمبتدئين (مضرب وملعقة ووعاء),drinkware,matcha|cafe_culture|drinkware,matcha|cafe_culture,minimal|cozy,189,SAR,100_250,16,70,birthday|graduation|thank_you|just_because|eid|achievement,friend|best_friend|partner|mother|father|sister|brother|relative|colleague|classmate,0.88,0.05,0.55,false,false,false,true,3,Noon / Tavola / local roastery,,,demo,,
GC-0002,Bamboo matcha whisk with ceramic holder,مضرب ماتشا من الخيزران مع حامل سيراميك,drinkware,matcha|drinkware,matcha,minimal|cozy,85,SAR,under_100,16,70,birthday|graduation|thank_you|just_because|eid|achievement,friend|best_friend|partner|mother|father|sister|brother|relative|colleague|classmate,0.88,0.05,0.55,false,false,false,true,3,Noon / Tavola / local roastery,,,demo,,
GC-0003,"Ceremonial grade matcha tin, 30g",علبة ماتشا فاخرة ٣٠ جم,drinkware,matcha|drinkware,matcha,minimal|cozy,120,SAR,100_250,16,70,birthday|graduation|thank_you|just_because|eid|achievement,friend|best_friend|partner|mother|father|sister|brother|relative|colleague|classmate,0.75,0.05,0.55,false,false,false,true,3,Noon / Tavola / local roastery,,,demo,,
GC-0004,"Double-wall glass latte cups, set of 2",أكواب لاتيه زجاجية مزدوجة الجدار (قطعتان),drinkware,matcha|coffee|cafe_culture|drinkware,matcha|coffee|cafe_culture,minimal|cozy,110,SAR,100_250,16,70,birthday|graduation|thank_you|just_because|eid|achievement,friend|best_friend|partner|mother|father|sister|brother|relative|colleague|classmate,0.88,0.05,0.55,false,false,false,true,3,Noon / Tavola / local roastery,,,demo,,
GC-0005,"Insulated ceramic travel tumbler, 350ml",كوب سفر سيراميك معزول ٣٥٠ مل,drinkware,coffee|matcha|drinkware,coffee|matcha,minimal|cozy,145,SAR,100_250,16,70,birthday|graduation|thank_you|just_because|eid|achievement,friend|best_friend|partner|mother|father|sister|brother|relative|colleague|classmate,0.88,0.05,0.55,false,true,false,true,3,Noon / Tavola / local roastery,,,demo,,
GC-0006,Pour-over coffee dripper and carafe set,طقم تقطير قهوة مع إبريق,drinkware,coffee|cafe_culture|drinkware,coffee|cafe_culture,minimal|cozy,230,SAR,100_250,16,70,birthday|graduation|thank_you|just_because|eid|achievement,friend|best_friend|partner|mother|father|sister|brother|relative|colleague|classmate,0.88,0.05,0.55,false,false,false,true,3,Noon / Tavola / local roastery,,,demo,,
GC-0007,"Manual burr coffee grinder, stainless steel",مطحنة قهوة يدوية من الستانلس ستيل,drinkware,coffee|drinkware,coffee,minimal|cozy,320,SAR,250_500,16,70,birthday|graduation|thank_you|just_because|eid|achievement,friend|best_friend|partner|mother|father|sister|brother|relative|colleague|classmate,0.88,0.05,0.6,false,false,false,true,3,Noon / Tavola / local roastery,,,demo,,
GC-0008,Electric milk frother,خفاقة حليب كهربائية,drinkware,coffee|matcha|drinkware,coffee|matcha,minimal|cozy,95,SAR,under_100,16,70,birthday|graduation|thank_you|just_because|eid|achievement,friend|best_friend|partner|mother|father|sister|brother|relative|colleague|classmate,0.88,0.05,0.55,false,false,false,true,3,Noon / Tavola / local roastery,,,demo,,
GC-0009,"Espresso machine, compact home model",آلة إسبريسو منزلية مدمجة,drinkware,coffee|drinkware,coffee,minimal|cozy,1450,SAR,1000_plus,16,70,birthday|graduation|thank_you|just_because|eid|achievement,friend|best_friend|partner|mother|father|sister|brother|relative|colleague|classmate,0.8,0.05,0.55,false,false,false,true,5,Noon / Tavola / local roastery,,,demo,,
GC-0010,"Specialty coffee subscription, 3 months",اشتراك قهوة مختصة لمدة ٣ أشهر,drinkware,coffee|cafe_culture|drinkware,coffee|cafe_culture,minimal|cozy,420,SAR,250_500,16,70,birthday|graduation|thank_you|just_because|eid|achievement,friend|best_friend|partner|mother|father|sister|brother|relative|colleague|classmate,0.88,0.05,0.75,false,false,false,true,3,Noon / Tavola / local roastery,,,demo,,
GC-0011,"Engraved stainless steel water bottle, 750ml",قارورة ماء ستانلس ستيل محفورة ٧٥٠ مل,drinkware,fitness|coffee|drinkware,fitness|coffee,minimal|cozy,130,SAR,100_250,16,70,birthday|graduation|thank_you|just_because|eid|achievement,friend|best_friend|partner|mother|father|sister|brother|relative|colleague|classmate,0.88,0.05,0.55,false,true,false,true,3,Noon / Tavola / local roastery,,,demo,,
GC-0012,Handmade Saudi ceramic mug,كوب سيراميك سعودي مصنوع يدويًا,drinkware,coffee|home_decor|drinkware,coffee|home_decor,minimal|cozy,75,SAR,under_100,16,70,birthday|graduation|thank_you|just_because|eid|achievement,friend|best_friend|partner|mother|father|sister|brother|relative|colleague|classmate,0.88,0.05,0.7,false,false,false,true,3,Noon / Tavola / local roastery,,,demo,,
GC-0013,Arabic coffee dallah with finjan set,دلة قهوة عربية مع طقم فناجيل,drinkware,coffee|home_decor|drinkware,coffee|home_decor,minimal|cozy,380,SAR,250_500,16,70,birthday|graduation|thank_you|just_because|eid|achievement,friend|best_friend|partner|mother|father|sister|brother|relative|colleague|classmate,0.88,0.05,0.6,false,false,false,true,3,Noon / Tavola / local roastery,,,demo,,
GC-0014,"Cold brew glass carafe, 1L",إبريق قهوة باردة زجاجي ١ لتر,drinkware,coffee|drinkware,coffee,minimal|cozy,165,SAR,100_250,16,70,birthday|graduation|thank_you|just_because|eid|achievement,friend|best_friend|partner|mother|father|sister|brother|relative|colleague|classmate,0.88,0.05,0.55,false,false,false,true,3,Noon / Tavola / local roastery,,,demo,,
GC-0015,Matcha and tea gift hamper,سلة هدايا ماتشا وشاي,drinkware,matcha|cafe_culture|drinkware,matcha|cafe_culture,minimal|cozy,260,SAR,250_500,16,70,birthday|graduation|thank_you|just_because|eid|achievement,friend|best_friend|partner|mother|father|sister|brother|relative|colleague|classmate,0.9,0.05,0.55,false,false,false,true,3,Noon / Tavola / local roastery,,,demo,,
GC-0016,Leather-bound refillable journal A5,دفتر جلدي قابل لإعادة التعبئة مقاس A5,books_stationery,reading|stationery|books_stationery,reading|stationery,minimal|classic,140,SAR,100_250,12,70,birthday|graduation|thank_you|just_because|eid|achievement,friend|best_friend|partner|mother|father|sister|brother|relative|colleague|classmate,0.85,0.08,0.5,false,true,false,true,2,Jarir / Noon,,,demo,,
GC-0017,Fountain pen with ink cartridge set,قلم حبر مع طقم خراطيش,books_stationery,stationery|books_stationery,stationery,minimal|classic,210,SAR,100_250,12,70,birthday|graduation|thank_you|just_because|eid|achievement,friend|best_friend|partner|mother|father|sister|brother|relative|colleague|classmate,0.85,0.08,0.5,false,true,false,true,2,Jarir / Noon,,,demo,,
GC-0018,Adjustable bamboo book stand,حامل كتب خشبي قابل للتعديل,books_stationery,reading|books_stationery,reading,minimal|classic,95,SAR,under_100,12,70,birthday|graduation|thank_you|just_because|eid|achievement,friend|best_friend|partner|mother|father|sister|brother|relative|colleague|classmate,0.85,0.08,0.5,false,false,false,true,2,Jarir / Noon,,,demo,,
GC-0019,Clip-on rechargeable reading light,إضاءة قراءة قابلة للشحن بمشبك,books_stationery,reading|books_stationery,reading,minimal|classic,65,SAR,under_100,12,70,birthday|graduation|thank_you|just_because|eid|achievement,friend|best_friend|partner|mother|father|sister|brother|relative|colleague|classmate,0.85,0.08,0.5,false,false,false,true,2,Jarir / Noon,,,demo,,
GC-0020,"Arabic contemporary fiction bundle, 3 novels",مجموعة روايات عربية معاصرة (٣ روايات),books_stationery,reading|books_stationery,reading,minimal|classic,175,SAR,100_250,12,70,birthday|graduation|thank_you|just_because|eid|achievement,friend|best_friend|partner|mother|father|sister|brother|relative|colleague|classmate,0.85,0.08,0.5,false,false,false,true,2,Jarir / Noon,,,demo,,
GC-0021,"English bestseller bundle, 3 paperbacks",مجموعة كتب إنجليزية الأكثر مبيعًا (٣ كتب),books_stationery,reading|books_stationery,reading,minimal|classic,190,SAR,100_250,12,70,birthday|graduation|thank_you|just_because|eid|achievement,friend|best_friend|partner|mother|father|sister|brother|relative|colleague|classmate,0.85,0.08,0.5,false,false,false,true,2,Jarir / Noon,,,demo,,
GC-0022,"E-reader, 6in with warm backlight",قارئ إلكتروني ٦ بوصة بإضاءة دافئة,books_stationery,reading|technology|books_stationery,reading|technology,minimal|classic,690,SAR,500_1000,12,70,birthday|graduation|thank_you|just_because|eid|achievement,friend|best_friend|partner|mother|father|sister|brother|relative|colleague|classmate,0.85,0.08,0.5,false,false,false,true,4,Jarir / Noon,,,demo,,
GC-0023,"Annotation kit: tabs, pastel highlighters, sticky notes",طقم تدوين ملاحظات: فواصل وأقلام تظليل وملصقات,books_stationery,reading|stationery|books_stationery,reading|stationery,minimal|classic,70,SAR,under_100,12,70,birthday|graduation|thank_you|just_because|eid|achievement,friend|best_friend|partner|mother|father|sister|brother|relative|colleague|classmate,0.85,0.08,0.6,false,false,false,true,2,Jarir / Noon,,,demo,,
GC-0024,Personalised embossed bookmark set,طقم فواصل كتب محفورة بالاسم,books_stationery,reading|books_stationery,reading,minimal|classic,85,SAR,under_100,12,70,birthday|graduation|thank_you|just_because|eid|achievement,friend|best_friend|partner|mother|father|sister|brother|relative|colleague|classmate,0.85,0.08,0.7,false,true,false,true,2,Jarir / Noon,,,demo,,
GC-0025,"Hardcover sketchbook, 200gsm",دفتر رسم بغلاف صلب ٢٠٠ جم,books_stationery,art|stationery|books_stationery,art|stationery,minimal|classic,110,SAR,100_250,12,70,birthday|graduation|thank_you|just_because|eid|achievement,friend|best_friend|partner|mother|father|sister|brother|relative|colleague|classmate,0.85,0.08,0.5,false,false,false,true,2,Jarir / Noon,,,demo,,
GC-0026,"Calligraphy starter kit, Arabic script",طقم خط عربي للمبتدئين,books_stationery,art|stationery|books_stationery,art|stationery,minimal|classic,160,SAR,100_250,12,70,birthday|graduation|thank_you|just_because|eid|achievement,friend|best_friend|partner|mother|father|sister|brother|relative|colleague|classmate,0.85,0.08,0.75,false,false,false,true,2,Jarir / Noon,,,demo,,
GC-0027,Desk planner and habit tracker set,طقم مخطط مكتبي ومتتبع عادات,books_stationery,stationery|books_stationery,stationery,minimal|classic,90,SAR,under_100,12,70,birthday|graduation|thank_you|just_because|eid|achievement,friend|best_friend|partner|mother|father|sister|brother|relative|colleague|classmate,0.85,0.08,0.5,false,false,false,true,2,Jarir / Noon,,,demo,,
GC-0028,Bookshop gift card,بطاقة هدايا مكتبة,books_stationery,reading|books_stationery,reading,minimal|classic,200,SAR,100_250,12,70,birthday|graduation|thank_you|just_because|eid|achievement,friend|best_friend|partner|mother|father|sister|brother|relative|colleague|classmate,0.6,0.08,0.2,false,false,false,true,0,Jarir / Noon,,,demo,,
GC-0029,"Library-style wooden bookends, pair",مساند كتب خشبية (زوج),books_stationery,reading|home_decor|books_stationery,reading|home_decor,minimal|classic,125,SAR,100_250,12,70,birthday|graduation|thank_you|just_because|eid|achievement,friend|best_friend|partner|mother|father|sister|brother|relative|colleague|classmate,0.85,0.08,0.5,false,false,false,true,2,Jarir / Noon,,,demo,,
GC-0030,"Premium notebook set, dotted and lined",طقم دفاتر فاخرة منقطة ومسطرة,books_stationery,stationery|books_stationery,stationery,minimal|classic,105,SAR,100_250,12,70,birthday|graduation|thank_you|just_because|eid|achievement,friend|best_friend|partner|mother|father|sister|brother|relative|colleague|classmate,0.85,0.08,0.5,false,false,false,true,2,Jarir / Noon,,,demo,,
GC-0031,Oud gift box with bakhoor burner,علبة هدايا عود مع مبخرة,beauty_fragrance,fragrance|beauty_fragrance,fragrance,classic|luxury,480,SAR,250_500,16,70,birthday|graduation|thank_you|just_because|eid|achievement,friend|best_friend|partner|mother|father|sister|brother|relative,0.8,0.18,0.5,false,false,false,true,3,Nice One / Whites / Arabian Oud,,,demo,,
GC-0032,"Layered oud and amber perfume, 50ml",عطر عود وعنبر ٥٠ مل,beauty_fragrance,fragrance|beauty_fragrance,fragrance,classic|luxury,350,SAR,250_500,16,70,birthday|graduation|thank_you|just_because|eid|achievement,friend|best_friend|partner|mother|father|sister|brother|relative,0.8,0.18,0.45,false,false,false,true,3,Nice One / Whites / Arabian Oud,,,demo,,
GC-0033,"Niche fragrance discovery set, 5 vials",طقم اكتشاف عطور نيتش (٥ عينات),beauty_fragrance,fragrance|beauty_fragrance,fragrance,classic|luxury,290,SAR,250_500,16,70,birthday|graduation|thank_you|just_because|eid|achievement,friend|best_friend|partner|mother|father|sister|brother|relative,0.8,0.18,0.8,false,false,false,true,3,Nice One / Whites / Arabian Oud,,,demo,,
GC-0034,"Electric bakhoor burner, USB",مبخرة كهربائية بمنفذ USB,beauty_fragrance,fragrance|home_decor|beauty_fragrance,fragrance|home_decor,classic|luxury,165,SAR,100_250,16,70,birthday|graduation|thank_you|just_because|eid|achievement,friend|best_friend|partner|mother|father|sister|brother|relative,0.8,0.18,0.45,false,false,false,true,3,Nice One / Whites / Arabian Oud,,,demo,,
GC-0035,Vitamin C serum and moisturiser duo,سيروم فيتامين سي مع مرطب,beauty_fragrance,skincare|beauty_fragrance,skincare,classic|luxury,240,SAR,100_250,16,70,birthday|graduation|thank_you|just_because|eid|achievement,friend|best_friend|partner|mother|father|sister|brother|relative,0.8,0.3,0.45,false,false,false,true,3,Nice One / Whites / Arabian Oud,,,demo,,
GC-0036,Gentle cleanser and SPF 50 set,غسول لطيف مع واقي شمس SPF 50,beauty_fragrance,skincare|beauty_fragrance,skincare,classic|luxury,190,SAR,100_250,16,70,birthday|graduation|thank_you|just_because|eid|achievement,friend|best_friend|partner|mother|father|sister|brother|relative,0.8,0.28,0.45,false,false,false,true,3,Nice One / Whites / Arabian Oud,,,demo,,
GC-0037,Jade roller and gua sha set,طقم رولر جيد وجوا شا,beauty_fragrance,skincare|beauty_fragrance,skincare,classic|luxury,85,SAR,under_100,16,70,birthday|graduation|thank_you|just_because|eid|achievement,friend|best_friend|partner|mother|father|sister|brother|relative,0.8,0.18,0.45,false,false,false,true,3,Nice One / Whites / Arabian Oud,,,demo,,
GC-0038,Silk pillowcase and scrunchie set,طقم غطاء وسادة حرير مع ربطة شعر,beauty_fragrance,skincare|home_decor|beauty_fragrance,skincare|home_decor,classic|luxury,180,SAR,100_250,16,70,birthday|graduation|thank_you|just_because|eid|achievement,friend|best_friend|partner|mother|father|sister|brother|relative,0.8,0.18,0.45,false,false,false,true,3,Nice One / Whites / Arabian Oud,,,demo,,
GC-0039,"Hydrating sheet mask box, 10 masks",علبة أقنعة ورقية مرطبة (١٠ أقنعة),beauty_fragrance,skincare|beauty_fragrance,skincare,classic|luxury,95,SAR,under_100,16,70,birthday|graduation|thank_you|just_because|eid|achievement,friend|best_friend|partner|mother|father|sister|brother|relative,0.8,0.18,0.45,false,false,false,true,3,Nice One / Whites / Arabian Oud,,,demo,,
GC-0040,Scented soy candle trio,ثلاثية شموع صويا معطرة,beauty_fragrance,home_decor|fragrance|beauty_fragrance,home_decor|fragrance,classic|luxury,145,SAR,100_250,16,70,birthday|graduation|thank_you|just_because|eid|achievement,friend|best_friend|partner|mother|father|sister|brother|relative,0.8,0.18,0.45,false,false,false,true,3,Nice One / Whites / Arabian Oud,,,demo,,
GC-0041,Hair and body oil gift duo,ثنائية زيت الشعر والجسم,beauty_fragrance,skincare|beauty_fragrance,skincare,classic|luxury,130,SAR,100_250,16,70,birthday|graduation|thank_you|just_because|eid|achievement,friend|best_friend|partner|mother|father|sister|brother|relative,0.8,0.18,0.45,false,false,false,true,3,Nice One / Whites / Arabian Oud,,,demo,,
GC-0042,Refillable travel perfume atomiser,بخاخ عطر للسفر قابل لإعادة التعبئة,beauty_fragrance,fragrance|travel|beauty_fragrance,fragrance|travel,classic|luxury,70,SAR,under_100,16,70,birthday|graduation|thank_you|just_because|eid|achievement,friend|best_friend|partner|mother|father|sister|brother|relative,0.8,0.18,0.45,false,false,false,true,3,Nice One / Whites / Arabian Oud,,,demo,,
GC-0043,Makeup brush set with case,طقم فرش مكياج مع حقيبة,beauty_fragrance,makeup|beauty_fragrance,makeup,classic|luxury,220,SAR,100_250,16,70,birthday|graduation|thank_you|just_because|eid|achievement,partner|best_friend|sister|mother,0.8,0.35,0.45,false,false,false,true,3,Nice One / Whites / Arabian Oud,,,demo,,
GC-0044,Luxury hand cream trio,ثلاثية كريم يدين فاخر,beauty_fragrance,skincare|beauty_fragrance,skincare,classic|luxury,155,SAR,100_250,16,70,birthday|graduation|thank_you|just_because|eid|achievement,friend|best_friend|partner|mother|father|sister|brother|relative,0.8,0.18,0.45,false,false,false,true,3,Nice One / Whites / Arabian Oud,,,demo,,
GC-0045,Wireless noise-cancelling headphones,سماعات لاسلكية بخاصية عزل الضوضاء,tech_gaming,music|technology|tech_gaming,music|technology,modern|practical,890,SAR,500_1000,12,65,birthday|graduation|anniversary|wedding|achievement|thank_you|just_because|eid|new_job,friend|best_friend|partner|mother|father|sister|brother|relative|colleague|classmate,0.85,0.05,0.5,false,false,false,true,4,Jarir / Extra / Amazon.sa,,,demo,,
GC-0046,"True wireless earbuds, mid-range",سماعات لاسلكية صغيرة (فئة متوسطة),tech_gaming,music|technology|tech_gaming,music|technology,modern|practical,390,SAR,250_500,12,65,birthday|graduation|anniversary|wedding|achievement|thank_you|just_because|eid|new_job,friend|best_friend|partner|mother|father|sister|brother|relative|colleague|classmate,0.85,0.05,0.5,false,false,false,true,3,Jarir / Extra / Amazon.sa,,,demo,,
GC-0047,"Mechanical keyboard, 75% layout",لوحة مفاتيح ميكانيكية بحجم ٧٥٪,tech_gaming,gaming|technology|tech_gaming,gaming|technology,modern|practical,520,SAR,500_1000,12,65,birthday|graduation|anniversary|wedding|achievement|thank_you|just_because|eid|new_job,friend|best_friend|partner|mother|father|sister|brother|relative|colleague|classmate,0.85,0.05,0.6,false,false,false,true,3,Jarir / Extra / Amazon.sa,,,demo,,
GC-0048,Lightweight wireless gaming mouse,ماوس ألعاب لاسلكي خفيف,tech_gaming,gaming|tech_gaming,gaming,modern|practical,280,SAR,250_500,12,65,birthday|graduation|anniversary|wedding|achievement|thank_you|just_because|eid|new_job,friend|best_friend|partner|mother|father|sister|brother|relative|colleague|classmate,0.85,0.05,0.5,false,false,false,true,3,Jarir / Extra / Amazon.sa,,,demo,,
GC-0049,"Extended desk mat, stitched edges",سجادة مكتب كبيرة بحواف مخيطة,tech_gaming,gaming|technology|tech_gaming,gaming|technology,modern|practical,95,SAR,under_100,12,65,birthday|graduation|anniversary|wedding|achievement|thank_you|just_because|eid|new_job,friend|best_friend|partner|mother|father|sister|brother|relative|colleague|classmate,0.85,0.05,0.5,false,false,false,true,3,Jarir / Extra / Amazon.sa,,,demo,,
GC-0050,Controller charging dock with RGB,قاعدة شحن يد تحكم مع إضاءة RGB,tech_gaming,gaming|tech_gaming,gaming,modern|practical,160,SAR,100_250,12,65,birthday|graduation|anniversary|wedding|achievement|thank_you|just_because|eid|new_job,friend|best_friend|partner|mother|father|sister|brother|relative|colleague|classmate,0.85,0.05,0.5,false,false,false,true,3,Jarir / Extra / Amazon.sa,,,demo,,
GC-0051,"Game gift card, 200 SAR",بطاقة ألعاب رقمية ٢٠٠ ريال,tech_gaming,gaming|tech_gaming,gaming,modern|practical,200,SAR,100_250,12,65,birthday|graduation|anniversary|wedding|achievement|thank_you|just_because|eid|new_job,friend|best_friend|partner|mother|father|sister|brother|relative|colleague|classmate,0.55,0.05,0.2,false,false,false,true,0,Jarir / Extra / Amazon.sa,,,demo,,
GC-0052,"Portable power bank, 20000mAh",بطارية متنقلة ٢٠٠٠٠ مللي أمبير,tech_gaming,technology|travel|tech_gaming,technology|travel,modern|practical,180,SAR,100_250,12,65,birthday|graduation|anniversary|wedding|achievement|thank_you|just_because|eid|new_job,friend|best_friend|partner|mother|father|sister|brother|relative|colleague|classmate,0.85,0.05,0.5,false,false,false,true,3,Jarir / Extra / Amazon.sa,,,demo,,
GC-0053,"Smart LED light bars for desk, pair",أعمدة إضاءة ذكية للمكتب (زوج),tech_gaming,gaming|home_decor|tech_gaming,gaming|home_decor,modern|practical,240,SAR,100_250,12,65,birthday|graduation|anniversary|wedding|achievement|thank_you|just_because|eid|new_job,friend|best_friend|partner|mother|father|sister|brother|relative|colleague|classmate,0.85,0.05,0.5,false,false,false,true,3,Jarir / Extra / Amazon.sa,,,demo,,
GC-0054,"Bluetooth portable speaker, waterproof",مكبر صوت بلوتوث محمول ضد الماء,tech_gaming,music|outdoors|tech_gaming,music|outdoors,modern|practical,310,SAR,250_500,12,65,birthday|graduation|anniversary|wedding|achievement|thank_you|just_because|eid|new_job,friend|best_friend|partner|mother|father|sister|brother|relative|colleague|classmate,0.85,0.05,0.5,false,false,false,true,3,Jarir / Extra / Amazon.sa,,,demo,,
GC-0055,Instant photo printer for phone,طابعة صور فورية للجوال,tech_gaming,photography|tech_gaming,photography,modern|practical,450,SAR,250_500,12,65,birthday|graduation|anniversary|wedding|achievement|thank_you|just_because|eid|new_job,friend|best_friend|partner|mother|father|sister|brother|relative|colleague|classmate,0.85,0.05,0.75,false,false,false,true,3,Jarir / Extra / Amazon.sa,,,demo,,
GC-0056,Instant camera with film pack,كاميرا فورية مع علبة أفلام,tech_gaming,photography|tech_gaming,photography,modern|practical,520,SAR,500_1000,12,65,birthday|graduation|anniversary|wedding|achievement|thank_you|just_because|eid|new_job,friend|best_friend|partner|mother|father|sister|brother|relative|colleague|classmate,0.85,0.05,0.7,false,false,false,true,3,Jarir / Extra / Amazon.sa,,,demo,,
GC-0057,Phone gimbal stabiliser,مثبت جوال (جيمبال),tech_gaming,photography|tech_gaming,photography,modern|practical,470,SAR,250_500,12,65,birthday|graduation|anniversary|wedding|achievement|thank_you|just_because|eid|new_job,friend|best_friend|partner|mother|father|sister|brother|relative|colleague|classmate,0.85,0.05,0.5,false,false,false,true,3,Jarir / Extra / Amazon.sa,,,demo,,
GC-0058,Clip-on phone lens kit,طقم عدسات للجوال,tech_gaming,photography|tech_gaming,photography,modern|practical,140,SAR,100_250,12,65,birthday|graduation|anniversary|wedding|achievement|thank_you|just_because|eid|new_job,friend|best_friend|partner|mother|father|sister|brother|relative|colleague|classmate,0.85,0.05,0.5,false,false,false,true,3,Jarir / Extra / Amazon.sa,,,demo,,
GC-0059,Smart fitness band,سوار لياقة ذكي,tech_gaming,fitness|technology|tech_gaming,fitness|technology,modern|practical,260,SAR,250_500,12,65,birthday|graduation|anniversary|wedding|achievement|thank_you|just_because|eid|new_job,friend|best_friend|partner|mother|father|sister|brother|relative|colleague|classmate,0.85,0.05,0.5,false,false,false,true,3,Jarir / Extra / Amazon.sa,,,demo,,
GC-0060,"Vinyl turntable, belt drive",مشغل أسطوانات فينيل,tech_gaming,music|tech_gaming,music,modern|practical,1290,SAR,1000_plus,12,65,birthday|graduation|anniversary|wedding|achievement|thank_you|just_because|eid|new_job,friend|best_friend|partner|mother|father|sister|brother|relative|colleague|classmate,0.85,0.05,0.7,false,false,false,true,6,Jarir / Extra / Amazon.sa,,,demo,,
GC-0061,"MIDI keyboard controller, 25 keys",لوحة مفاتيح ميدي ٢٥ مفتاح,tech_gaming,music|tech_gaming,music,modern|practical,640,SAR,500_1000,12,65,birthday|graduation|anniversary|wedding|achievement|thank_you|just_because|eid|new_job,friend|best_friend|partner|mother|father|sister|brother|relative|colleague|classmate,0.85,0.05,0.7,false,false,false,true,3,Jarir / Extra / Amazon.sa,,,demo,,
GC-0062,Handheld retro game console,جهاز ألعاب ريترو محمول,tech_gaming,gaming|collectibles|tech_gaming,gaming|collectibles,modern|practical,330,SAR,250_500,12,65,birthday|graduation|anniversary|wedding|achievement|thank_you|just_because|eid|new_job,friend|best_friend|partner|mother|father|sister|brother|relative|colleague|classmate,0.85,0.05,0.8,false,false,false,true,3,Jarir / Extra / Amazon.sa,,,demo,,
GC-0063,Official football club scarf,وشاح نادي كرة قدم رسمي,sports_fitness,football|sports_fitness,football,sporty|practical,130,SAR,100_250,12,65,birthday|graduation|thank_you|just_because|eid|achievement,friend|best_friend|partner|mother|father|sister|brother|relative|colleague|classmate,0.8,0.22,0.5,false,false,false,true,3,Sun & Sand Sports / Decathlon,,,demo,,
GC-0064,Football club home jersey,قميص نادي كرة قدم,sports_fitness,football|sports_fitness,football,sporty|practical,420,SAR,250_500,12,65,birthday|graduation|thank_you|just_because|eid|achievement,friend|best_friend|partner|mother|father|sister|brother|relative|colleague|classmate,0.8,0.3,0.5,false,false,true,true,3,Sun & Sand Sports / Decathlon,,,demo,,
GC-0065,Signed-style framed football print,لوحة مؤطرة لكرة القدم,sports_fitness,football|home_decor|sports_fitness,football|home_decor,sporty|practical,260,SAR,250_500,12,65,birthday|graduation|thank_you|just_because|eid|achievement,friend|best_friend|partner|mother|father|sister|brother|relative|colleague|classmate,0.8,0.22,0.5,false,false,false,true,3,Sun & Sand Sports / Decathlon,,,demo,,
GC-0066,"Match ball, size 5",كرة قدم مقاس ٥,sports_fitness,football|sports_fitness,football,sporty|practical,175,SAR,100_250,12,65,birthday|graduation|thank_you|just_because|eid|achievement,friend|best_friend|partner|mother|father|sister|brother|relative|colleague|classmate,0.8,0.22,0.5,false,false,false,true,3,Sun & Sand Sports / Decathlon,,,demo,,
GC-0067,Formula 1 team cap,قبعة فريق فورمولا ١,sports_fitness,formula1|sports_fitness,formula1,sporty|practical,160,SAR,100_250,12,65,birthday|graduation|thank_you|just_because|eid|achievement,friend|best_friend|partner|mother|father|sister|brother|relative|colleague|classmate,0.8,0.22,0.5,false,false,false,true,3,Sun & Sand Sports / Decathlon,,,demo,,
GC-0068,F1 team softshell jacket,جاكيت فريق فورمولا ١,sports_fitness,formula1|fashion|sports_fitness,formula1|fashion,sporty|practical,690,SAR,500_1000,12,65,birthday|graduation|thank_you|just_because|eid|achievement,friend|best_friend|partner|mother|father|sister|brother|relative|colleague|classmate,0.8,0.22,0.5,false,false,true,true,3,Sun & Sand Sports / Decathlon,,,demo,,
GC-0069,Yoga mat with carry strap,سجادة يوغا مع حزام حمل,sports_fitness,fitness|sports_fitness,fitness,sporty|practical,150,SAR,100_250,12,65,birthday|graduation|thank_you|just_because|eid|achievement,friend|best_friend|partner|mother|father|sister|brother|relative|colleague|classmate,0.8,0.22,0.5,false,false,false,true,3,Sun & Sand Sports / Decathlon,,,demo,,
GC-0070,Adjustable dumbbell pair,زوج دمبل قابل للتعديل,sports_fitness,fitness|sports_fitness,fitness,sporty|practical,560,SAR,500_1000,12,65,birthday|graduation|thank_you|just_because|eid|achievement,friend|best_friend|partner|mother|father|sister|brother|relative|colleague|classmate,0.8,0.22,0.5,false,false,false,true,5,Sun & Sand Sports / Decathlon,,,demo,,
GC-0071,Resistance band set with door anchor,طقم أحزمة مقاومة مع مثبت باب,sports_fitness,fitness|sports_fitness,fitness,sporty|practical,110,SAR,100_250,12,65,birthday|graduation|thank_you|just_because|eid|achievement,friend|best_friend|partner|mother|father|sister|brother|relative|colleague|classmate,0.8,0.22,0.5,false,false,false,true,3,Sun & Sand Sports / Decathlon,,,demo,,
GC-0072,"Massage gun, compact",جهاز مساج عضلي مدمج,sports_fitness,fitness|sports_fitness,fitness,sporty|practical,480,SAR,250_500,12,65,birthday|graduation|thank_you|just_because|eid|achievement,friend|best_friend|partner|mother|father|sister|brother|relative|colleague|classmate,0.8,0.22,0.5,false,false,false,true,3,Sun & Sand Sports / Decathlon,,,demo,,
GC-0073,Gym duffel bag with shoe compartment,حقيبة رياضية مع جيب للأحذية,sports_fitness,fitness|travel|sports_fitness,fitness|travel,sporty|practical,230,SAR,100_250,12,65,birthday|graduation|thank_you|just_because|eid|achievement,friend|best_friend|partner|mother|father|sister|brother|relative|colleague|classmate,0.8,0.22,0.5,false,false,false,true,3,Sun & Sand Sports / Decathlon,,,demo,,
GC-0074,Running belt and hydration flask,حزام جري مع قارورة ماء,sports_fitness,fitness|outdoors|sports_fitness,fitness|outdoors,sporty|practical,120,SAR,100_250,12,65,birthday|graduation|thank_you|just_because|eid|achievement,friend|best_friend|partner|mother|father|sister|brother|relative|colleague|classmate,0.8,0.22,0.5,false,false,false,true,3,Sun & Sand Sports / Decathlon,,,demo,,
GC-0075,"Padel racket, beginner",مضرب بادل للمبتدئين,sports_fitness,fitness|sports_fitness,fitness,sporty|practical,390,SAR,250_500,12,65,birthday|graduation|thank_you|just_because|eid|achievement,friend|best_friend|partner|mother|father|sister|brother|relative|colleague|classmate,0.8,0.22,0.7,false,false,false,true,3,Sun & Sand Sports / Decathlon,,,demo,,
GC-0076,Snorkelling mask and fins set,طقم نظارة وزعانف غطس,sports_fitness,sea_diving|outdoors|sports_fitness,sea_diving|outdoors,sporty|practical,320,SAR,250_500,12,65,birthday|graduation|thank_you|just_because|eid|achievement,friend|best_friend|partner|mother|father|sister|brother|relative|colleague|classmate,0.8,0.22,0.7,false,false,false,true,3,Sun & Sand Sports / Decathlon,,,demo,,
GC-0077,Minimal desk lamp with wireless charging,مصباح مكتب بسيط مع شحن لاسلكي,home_decor,home_decor|technology,home_decor|technology,minimal|cozy,285,SAR,250_500,16,75,birthday|graduation|anniversary|wedding|achievement|thank_you|just_because|eid|new_job,friend|best_friend|partner|mother|father|sister|brother|relative|colleague|classmate,0.82,0.1,0.5,false,false,false,true,4,IKEA / Homes R Us / Noon,,,demo,,
GC-0078,Ceramic diffuser with essential oils,موزع عطر سيراميك مع زيوت عطرية,home_decor,home_decor|fragrance,home_decor|fragrance,minimal|cozy,195,SAR,100_250,16,75,birthday|graduation|anniversary|wedding|achievement|thank_you|just_because|eid|new_job,friend|best_friend|partner|mother|father|sister|brother|relative|colleague|classmate,0.82,0.1,0.5,false,false,false,true,4,IKEA / Homes R Us / Noon,,,demo,,
GC-0079,Framed minimalist line-art print set,طقم لوحات فن خطي بسيط مؤطرة,home_decor,home_decor|art,home_decor|art,minimal|cozy,175,SAR,100_250,16,75,birthday|graduation|anniversary|wedding|achievement|thank_you|just_because|eid|new_job,friend|best_friend|partner|mother|father|sister|brother|relative|colleague|classmate,0.82,0.1,0.5,false,false,false,true,4,IKEA / Homes R Us / Noon,,,demo,,
GC-0080,Chunky knit throw blanket,بطانية محبوكة سميكة,home_decor,home_decor,home_decor,cozy,240,SAR,100_250,16,75,birthday|graduation|anniversary|wedding|achievement|thank_you|just_because|eid|new_job,friend|best_friend|partner|mother|father|sister|brother|relative|colleague|classmate,0.82,0.1,0.5,false,false,false,true,4,IKEA / Homes R Us / Noon,,,demo,,
GC-0081,Personalised name neon sign,لوحة نيون بالاسم,home_decor,home_decor,home_decor,minimal|cozy,420,SAR,250_500,16,75,birthday|graduation|anniversary|wedding|achievement|thank_you|just_because|eid|new_job,friend|best_friend|partner|mother|father|sister|brother|relative|colleague|classmate,0.82,0.1,0.75,false,true,false,true,7,IKEA / Homes R Us / Noon,,,demo,,
GC-0082,Sunset projection lamp,مصباح إسقاط غروب الشمس,home_decor,home_decor,home_decor,minimal|cozy,90,SAR,under_100,16,75,birthday|graduation|anniversary|wedding|achievement|thank_you|just_because|eid|new_job,friend|best_friend|partner|mother|father|sister|brother|relative|colleague|classmate,0.82,0.1,0.65,false,false,false,true,4,IKEA / Homes R Us / Noon,,,demo,,
GC-0083,Set of 3 ceramic planters,طقم ٣ أصص سيراميك,home_decor,plants|home_decor,plants|home_decor,minimal|cozy,135,SAR,100_250,16,75,birthday|graduation|anniversary|wedding|achievement|thank_you|just_because|eid|new_job,friend|best_friend|partner|mother|father|sister|brother|relative|colleague|classmate,0.82,0.1,0.5,false,false,false,true,4,IKEA / Homes R Us / Noon,,,demo,,
GC-0084,Low-maintenance indoor plant with pot,نبتة داخلية سهلة العناية مع أصيص,home_decor,plants|home_decor,plants,minimal|cozy,110,SAR,100_250,16,75,birthday|graduation|anniversary|wedding|achievement|thank_you|just_because|eid|new_job,friend|best_friend|partner|mother|father|sister|brother|relative|colleague|classmate,0.82,0.1,0.5,false,false,false,true,2,IKEA / Homes R Us / Noon,,,demo,,
GC-0085,Preserved rose in glass dome,وردة محفوظة داخل قبة زجاجية,home_decor,home_decor,home_decor,minimal|cozy,230,SAR,100_250,16,75,anniversary|birthday|just_because,partner|best_friend|sister|mother,0.82,0.1,0.5,false,false,false,true,4,IKEA / Homes R Us / Noon,,,demo,,
GC-0086,"Wall shelf set, floating oak",طقم رفوف حائط خشب بلوط,home_decor,home_decor,home_decor,minimal|cozy,260,SAR,250_500,16,75,birthday|graduation|anniversary|wedding|achievement|thank_you|just_because|eid|new_job,friend|best_friend|partner|mother|father|sister|brother|relative|colleague|classmate,0.82,0.1,0.5,false,false,false,true,6,IKEA / Homes R Us / Noon,,,demo,,
GC-0087,Aroma humidifier with night light,مرطب جو مع إضاءة ليلية,home_decor,home_decor,home_decor,minimal|cozy,175,SAR,100_250,16,75,birthday|graduation|anniversary|wedding|achievement|thank_you|just_because|eid|new_job,friend|best_friend|partner|mother|father|sister|brother|relative|colleague|classmate,0.82,0.1,0.5,false,false,false,true,4,IKEA / Homes R Us / Noon,,,demo,,
GC-0088,"Photo frame collage set, 6 frames",طقم إطارات صور (٦ إطارات),home_decor,home_decor|photography,home_decor|photography,minimal|cozy,145,SAR,100_250,16,75,birthday|graduation|anniversary|wedding|achievement|thank_you|just_because|eid|new_job,friend|best_friend|partner|mother|father|sister|brother|relative|colleague|classmate,0.82,0.1,0.5,false,true,false,true,4,IKEA / Homes R Us / Noon,,,demo,,
GC-0089,Handwoven Saudi-pattern cushion cover pair,غطاء وسادة بنقشة سعودية (زوج),home_decor,home_decor,home_decor,minimal|cozy,120,SAR,100_250,16,75,birthday|graduation|anniversary|wedding|achievement|thank_you|just_because|eid|new_job,friend|best_friend|partner|mother|father|sister|brother|relative|colleague|classmate,0.82,0.1,0.7,false,false,false,true,4,IKEA / Homes R Us / Noon,,,demo,,
GC-0090,Bedside charging valet tray,صينية مكتب مع شاحن,home_decor,home_decor|technology,home_decor|technology,minimal|cozy,165,SAR,100_250,16,75,birthday|graduation|anniversary|wedding|achievement|thank_you|just_because|eid|new_job,friend|best_friend|partner|mother|father|sister|brother|relative|colleague|classmate,0.82,0.1,0.5,false,false,false,true,4,IKEA / Homes R Us / Noon,,,demo,,
GC-0091,"Minimalist analogue watch, leather strap",ساعة كلاسيكية بسيطة بسوار جلدي,jewellery_watches,watches|fashion|jewellery_watches,watches|fashion,classic|luxury,480,SAR,250_500,16,70,birthday|anniversary|wedding|graduation|eid|achievement,partner|best_friend|sister|mother,0.85,0.35,0.45,false,false,false,true,4,Jarir / Noon / local jeweller,,,demo,,
GC-0092,Stainless steel dress watch,ساعة رسمية من الستانلس ستيل,jewellery_watches,watches|jewellery_watches,watches,classic|luxury,890,SAR,500_1000,16,70,birthday|anniversary|wedding|graduation|eid|achievement,partner|best_friend|sister|mother,0.85,0.35,0.45,false,false,false,true,4,Jarir / Noon / local jeweller,,,demo,,
GC-0093,"Smartwatch, mid-range",ساعة ذكية (فئة متوسطة),jewellery_watches,watches|technology|fitness|jewellery_watches,watches|technology|fitness,classic|luxury,950,SAR,500_1000,16,70,birthday|anniversary|wedding|graduation|eid|achievement,friend|best_friend|partner|mother|father|sister|brother|relative,0.85,0.2,0.45,false,false,false,true,4,Jarir / Noon / local jeweller,,,demo,,
GC-0094,Watch winder and storage box,صندوق حفظ وتدوير الساعات,jewellery_watches,watches|jewellery_watches,watches,classic|luxury,390,SAR,250_500,16,70,birthday|anniversary|wedding|graduation|eid|achievement,partner|best_friend|sister|mother,0.85,0.35,0.65,false,false,false,true,4,Jarir / Noon / local jeweller,,,demo,,
GC-0095,"Personalised name necklace, gold plated",قلادة بالاسم مطلية بالذهب,jewellery_watches,jewellery|jewellery_watches,jewellery,classic|luxury,320,SAR,250_500,16,70,birthday|anniversary|wedding|graduation|eid|achievement,partner|best_friend|sister|mother,0.85,0.35,0.45,false,true,false,true,7,Jarir / Noon / local jeweller,,,demo,,
GC-0096,Pearl stud earrings,أقراط لؤلؤ,jewellery_watches,jewellery|jewellery_watches,jewellery,classic|luxury,260,SAR,250_500,16,70,birthday|anniversary|wedding|graduation|eid|achievement,partner|best_friend|sister|mother,0.85,0.35,0.45,false,false,false,true,4,Jarir / Noon / local jeweller,,,demo,,
GC-0097,Layered chain bracelet set,طقم أساور سلسلة متعددة,jewellery_watches,jewellery|jewellery_watches,jewellery,classic|luxury,180,SAR,100_250,16,70,birthday|anniversary|wedding|graduation|eid|achievement,partner|best_friend|sister|mother,0.85,0.35,0.45,false,false,false,true,4,Jarir / Noon / local jeweller,,,demo,,
GC-0098,Birthstone pendant,قلادة بحجر الميلاد,jewellery_watches,jewellery|jewellery_watches,jewellery,classic|luxury,240,SAR,100_250,16,70,birthday|anniversary|wedding|graduation|eid|achievement,partner|best_friend|sister|mother,0.85,0.35,0.45,false,true,false,true,4,Jarir / Noon / local jeweller,,,demo,,
GC-0099,Engraved cufflinks,أزرار أكمام محفورة,jewellery_watches,jewellery|fashion|jewellery_watches,jewellery|fashion,classic|luxury,210,SAR,100_250,16,70,birthday|anniversary|wedding|graduation|eid|achievement,partner|best_friend|sister|mother,0.85,0.35,0.45,false,true,false,true,4,Jarir / Noon / local jeweller,,,demo,,
GC-0100,Velvet jewellery travel case,علبة مجوهرات مخملية للسفر,jewellery_watches,jewellery|travel|jewellery_watches,jewellery|travel,classic|luxury,140,SAR,100_250,16,70,birthday|anniversary|wedding|graduation|eid|achievement,friend|best_friend|partner|mother|father|sister|brother|relative,0.85,0.15,0.45,false,false,false,true,4,Jarir / Noon / local jeweller,,,demo,,
GC-0101,"Leather watch strap, quick release",سوار ساعة جلدي سريع الفك,jewellery_watches,watches|jewellery_watches,watches,classic|luxury,130,SAR,100_250,16,70,birthday|anniversary|wedding|graduation|eid|achievement,friend|best_friend|partner|mother|father|sister|brother|relative,0.85,0.35,0.45,false,false,false,true,4,Jarir / Noon / local jeweller,,,demo,,
GC-0102,Gold-plated anklet,خلخال مطلي بالذهب,jewellery_watches,jewellery|jewellery_watches,jewellery,classic|luxury,165,SAR,100_250,16,70,birthday|anniversary|wedding|graduation|eid|achievement,partner|sister|best_friend,0.85,0.5,0.45,false,false,false,true,4,Jarir / Noon / local jeweller,,,demo,,
GC-0103,LEGO Technic racing car set,طقم ليغو تكنيك سيارة سباق,hobby_collectibles,cars|formula1|collectibles|hobby_collectibles,cars|formula1|collectibles,colourful|modern,640,SAR,500_1000,10,60,birthday|graduation|thank_you|just_because|eid|achievement,friend|best_friend|partner|mother|father|sister|brother|relative|colleague|classmate,0.88,0.06,0.65,false,false,false,true,4,Jarir / Virgin Megastore / Noon,,,demo,,
GC-0104,1:43 die-cast F1 car model,مجسم سيارة فورمولا ١ بمقياس ١:٤٣,hobby_collectibles,formula1|cars|collectibles|hobby_collectibles,formula1|cars|collectibles,colourful|modern,290,SAR,250_500,8,60,birthday|graduation|thank_you|just_because|eid|achievement,friend|best_friend|partner|mother|father|sister|brother|relative|colleague|classmate,0.88,0.06,0.7,false,false,false,true,4,Jarir / Virgin Megastore / Noon,,,demo,,
GC-0105,1:18 die-cast sports car model,مجسم سيارة رياضية بمقياس ١:١٨,hobby_collectibles,cars|collectibles|hobby_collectibles,cars|collectibles,colourful|modern,520,SAR,500_1000,8,60,birthday|graduation|thank_you|just_because|eid|achievement,friend|best_friend|partner|mother|father|sister|brother|relative|colleague|classmate,0.88,0.06,0.65,false,false,false,true,4,Jarir / Virgin Megastore / Noon,,,demo,,
GC-0106,"F1 circuit wall art, framed",لوحة حلبة فورمولا ١ مؤطرة,hobby_collectibles,formula1|home_decor|hobby_collectibles,formula1|home_decor,colourful|modern,210,SAR,100_250,8,60,birthday|graduation|thank_you|just_because|eid|achievement,friend|best_friend|partner|mother|father|sister|brother|relative|colleague|classmate,0.88,0.06,0.65,false,false,false,true,4,Jarir / Virgin Megastore / Noon,,,demo,,
GC-0107,Remote control drift car,سيارة تحكم عن بعد للانزلاق,hobby_collectibles,cars|gaming|hobby_collectibles,cars|gaming,colourful|modern,380,SAR,250_500,10,45,birthday|graduation|thank_you|just_because|eid|achievement,friend|best_friend|partner|mother|father|sister|brother|relative|colleague|classmate,0.88,0.06,0.65,false,false,false,true,4,Jarir / Virgin Megastore / Noon,,,demo,,
GC-0108,"Collector display case, acrylic",صندوق عرض أكريليك للمقتنيات,hobby_collectibles,collectibles|hobby_collectibles,collectibles,colourful|modern,175,SAR,100_250,8,60,birthday|graduation|thank_you|just_because|eid|achievement,friend|best_friend|partner|mother|father|sister|brother|relative|colleague|classmate,0.88,0.06,0.65,false,false,false,true,4,Jarir / Virgin Megastore / Noon,,,demo,,
GC-0109,"Anime character figure, licensed",مجسم شخصية أنمي مرخص,hobby_collectibles,collectibles|hobby_collectibles,collectibles,colourful|modern,260,SAR,250_500,8,60,birthday|graduation|thank_you|just_because|eid|achievement,friend|best_friend|partner|mother|father|sister|brother|relative|colleague|classmate,0.88,0.06,0.7,false,false,false,true,4,Jarir / Virgin Megastore / Noon,,,demo,,
GC-0110,"Strategy board game, 2-4 players",لعبة لوحية استراتيجية (٢-٤ لاعبين),hobby_collectibles,board_games|hobby_collectibles,board_games,colourful|modern,230,SAR,100_250,10,60,birthday|graduation|thank_you|just_because|eid|achievement,friend|best_friend|partner|mother|father|sister|brother|relative|colleague|classmate,0.88,0.06,0.65,false,false,false,true,4,Jarir / Virgin Megastore / Noon,,,demo,,
GC-0111,"Party card game, Arabic edition",لعبة ورق جماعية بالعربية,hobby_collectibles,board_games|hobby_collectibles,board_games,colourful|modern,95,SAR,under_100,12,60,birthday|graduation|thank_you|just_because|eid|achievement,friend|best_friend|partner|mother|father|sister|brother|relative|colleague|classmate,0.88,0.06,0.6,false,false,false,true,4,Jarir / Virgin Megastore / Noon,,,demo,,
GC-0112,1000-piece art puzzle,أحجية ١٠٠٠ قطعة,hobby_collectibles,board_games|art|hobby_collectibles,board_games|art,colourful|modern,85,SAR,under_100,8,60,birthday|graduation|thank_you|just_because|eid|achievement,friend|best_friend|partner|mother|father|sister|brother|relative|colleague|classmate,0.88,0.06,0.65,false,false,false,true,4,Jarir / Virgin Megastore / Noon,,,demo,,
GC-0113,"Wooden chess set, weighted pieces",طقم شطرنج خشبي بقطع موزونة,hobby_collectibles,board_games|hobby_collectibles,board_games,colourful|modern,340,SAR,250_500,8,60,birthday|graduation|thank_you|just_because|eid|achievement,friend|best_friend|partner|mother|father|sister|brother|relative|colleague|classmate,0.88,0.06,0.65,false,false,false,true,4,Jarir / Virgin Megastore / Noon,,,demo,,
GC-0114,Acrylic paint set with canvases,طقم ألوان أكريليك مع لوحات قماشية,hobby_collectibles,art|hobby_collectibles,art,colourful|modern,165,SAR,100_250,8,60,birthday|graduation|thank_you|just_because|eid|achievement,friend|best_friend|partner|mother|father|sister|brother|relative|colleague|classmate,0.88,0.06,0.65,false,false,false,true,4,Jarir / Virgin Megastore / Noon,,,demo,,
GC-0115,"Digital drawing tablet, entry level",لوح رسم رقمي للمبتدئين,hobby_collectibles,art|technology|hobby_collectibles,art|technology,colourful|modern,420,SAR,250_500,8,60,birthday|graduation|thank_you|just_because|eid|achievement,friend|best_friend|partner|mother|father|sister|brother|relative|colleague|classmate,0.88,0.06,0.65,false,false,false,true,4,Jarir / Virgin Megastore / Noon,,,demo,,
GC-0116,Pottery clay starter kit,طقم فخار للمبتدئين,hobby_collectibles,art|hobby_collectibles,art,colourful|modern,190,SAR,100_250,8,60,birthday|graduation|thank_you|just_because|eid|achievement,friend|best_friend|partner|mother|father|sister|brother|relative|colleague|classmate,0.88,0.06,0.75,false,false,false,true,4,Jarir / Virgin Megastore / Noon,,,demo,,
GC-0117,"Model building kit, wooden mechanical",طقم تجميع ميكانيكي خشبي,hobby_collectibles,collectibles|board_games|hobby_collectibles,collectibles|board_games,colourful|modern,145,SAR,100_250,8,60,birthday|graduation|thank_you|just_because|eid|achievement,friend|best_friend|partner|mother|father|sister|brother|relative|colleague|classmate,0.88,0.06,0.75,false,false,false,true,4,Jarir / Virgin Megastore / Noon,,,demo,,
GC-0118,Vinyl record of a classic album,أسطوانة فينيل لألبوم كلاسيكي,hobby_collectibles,music|collectibles|hobby_collectibles,music|collectibles,colourful|modern,160,SAR,100_250,8,60,birthday|graduation|thank_you|just_because|eid|achievement,friend|best_friend|partner|mother|father|sister|brother|relative|colleague|classmate,0.88,0.06,0.65,false,false,false,true,4,Jarir / Virgin Megastore / Noon,,,demo,,
GC-0119,Premium date and chocolate gift box,علبة هدايا تمر وشوكولاتة فاخرة,food_gourmet,sweets|food_gourmet,sweets,cozy|classic,210,SAR,100_250,12,80,birthday|graduation|thank_you|just_because|eid|achievement,friend|best_friend|partner|mother|father|sister|brother|relative|colleague|classmate,0.72,0.12,0.35,false,false,false,true,2,Tamimi / Danube / local roastery,,,demo,,
GC-0120,Artisan chocolate selection box,علبة شوكولاتة حرفية مختارة,food_gourmet,sweets|food_gourmet,sweets,cozy|classic,175,SAR,100_250,12,80,birthday|graduation|thank_you|just_because|eid|achievement,friend|best_friend|partner|mother|father|sister|brother|relative|colleague|classmate,0.72,0.12,0.45,false,false,false,true,2,Tamimi / Danube / local roastery,,,demo,,
GC-0121,Single-origin coffee beans trio,ثلاثية حبوب قهوة أحادية المصدر,food_gourmet,coffee|food_gourmet,coffee,cozy|classic,190,SAR,100_250,12,80,birthday|graduation|thank_you|just_because|eid|achievement,friend|best_friend|partner|mother|father|sister|brother|relative|colleague|classmate,0.72,0.12,0.45,false,false,false,true,2,Tamimi / Danube / local roastery,,,demo,,
GC-0122,Loose-leaf tea sampler tin set,طقم علب شاي أوراق مختارة,food_gourmet,cafe_culture|matcha|food_gourmet,cafe_culture|matcha,cozy|classic,145,SAR,100_250,12,80,birthday|graduation|thank_you|just_because|eid|achievement,friend|best_friend|partner|mother|father|sister|brother|relative|colleague|classmate,0.72,0.12,0.45,false,false,false,true,2,Tamimi / Danube / local roastery,,,demo,,
GC-0123,Gourmet honey and nut hamper,سلة عسل ومكسرات فاخرة,food_gourmet,cooking|food_gourmet,cooking,cozy|classic,265,SAR,250_500,12,80,birthday|graduation|thank_you|just_because|eid|achievement,friend|best_friend|partner|mother|father|sister|brother|relative|colleague|classmate,0.72,0.12,0.45,false,false,false,true,2,Tamimi / Danube / local roastery,,,demo,,
GC-0124,Spice and seasoning gift rack,رف بهارات وتوابل للهدية,food_gourmet,cooking|food_gourmet,cooking,cozy|classic,180,SAR,100_250,12,80,birthday|graduation|thank_you|just_because|eid|achievement,friend|best_friend|partner|mother|father|sister|brother|relative|colleague|classmate,0.72,0.12,0.45,false,false,false,true,2,Tamimi / Danube / local roastery,,,demo,,
GC-0125,Olive oil and balsamic duo,ثنائية زيت زيتون وخل بلسمي,food_gourmet,cooking|food_gourmet,cooking,cozy|classic,155,SAR,100_250,12,80,birthday|graduation|thank_you|just_because|eid|achievement,friend|best_friend|partner|mother|father|sister|brother|relative|colleague|classmate,0.72,0.12,0.45,false,false,false,true,2,Tamimi / Danube / local roastery,,,demo,,
GC-0126,"Chef knife, Japanese steel",سكين شيف من الفولاذ الياباني,food_gourmet,cooking|food_gourmet,cooking,cozy|classic,430,SAR,250_500,12,80,birthday|graduation|thank_you|just_because|eid|achievement,friend|best_friend|partner|mother|father|sister|brother|relative|colleague|classmate,0.72,0.25,0.45,false,false,false,true,2,Tamimi / Danube / local roastery,,,demo,,
GC-0127,"Cast iron skillet, pre-seasoned",مقلاة حديد زهر مجهزة,food_gourmet,cooking|food_gourmet,cooking,cozy|classic,240,SAR,100_250,12,80,birthday|graduation|thank_you|just_because|eid|achievement,friend|best_friend|partner|mother|father|sister|brother|relative|colleague|classmate,0.72,0.12,0.45,false,false,false,true,2,Tamimi / Danube / local roastery,,,demo,,
GC-0128,Baking starter set with silicone moulds,طقم خبز مع قوالب سيليكون,food_gourmet,cooking|sweets|food_gourmet,cooking|sweets,cozy|classic,165,SAR,100_250,12,80,birthday|graduation|thank_you|just_because|eid|achievement,friend|best_friend|partner|mother|father|sister|brother|relative|colleague|classmate,0.72,0.12,0.45,false,false,false,true,2,Tamimi / Danube / local roastery,,,demo,,
GC-0129,Digital kitchen scale and thermometer,ميزان مطبخ رقمي مع مقياس حرارة,food_gourmet,cooking|food_gourmet,cooking,cozy|classic,120,SAR,100_250,12,80,birthday|graduation|thank_you|just_because|eid|achievement,friend|best_friend|partner|mother|father|sister|brother|relative|colleague|classmate,0.72,0.12,0.45,false,false,false,true,2,Tamimi / Danube / local roastery,,,demo,,
GC-0130,"Personalised cutting board, engraved",لوح تقطيع محفور بالاسم,food_gourmet,cooking|food_gourmet,cooking,cozy|classic,195,SAR,100_250,12,80,birthday|graduation|thank_you|just_because|eid|achievement,friend|best_friend|partner|mother|father|sister|brother|relative|colleague|classmate,0.72,0.12,0.45,false,true,false,true,7,Tamimi / Danube / local roastery,,,demo,,
GC-0131,"Cabin trolley suitcase, hard shell",حقيبة سفر صلبة بحجم المقصورة,outdoor_travel,travel|outdoor_travel,travel,practical|modern,590,SAR,500_1000,14,65,birthday|graduation|thank_you|just_because|eid|achievement,friend|best_friend|partner|mother|father|sister|brother|relative|colleague|classmate,0.82,0.08,0.55,false,false,false,true,5,Decathlon / Noon,,,demo,,
GC-0132,Leather passport holder and luggage tag,حافظة جواز جلدية مع بطاقة حقيبة,outdoor_travel,travel|outdoor_travel,travel,practical|modern,165,SAR,100_250,14,65,birthday|graduation|thank_you|just_because|eid|achievement,friend|best_friend|partner|mother|father|sister|brother|relative|colleague|classmate,0.82,0.08,0.55,false,true,false,true,4,Decathlon / Noon,,,demo,,
GC-0133,"Packing cube set, 6 pieces",طقم تنظيم حقائب (٦ قطع),outdoor_travel,travel|outdoor_travel,travel,practical|modern,110,SAR,100_250,14,65,birthday|graduation|thank_you|just_because|eid|achievement,friend|best_friend|partner|mother|father|sister|brother|relative|colleague|classmate,0.82,0.08,0.55,false,false,false,true,4,Decathlon / Noon,,,demo,,
GC-0134,Travel neck pillow and eye mask set,طقم وسادة رقبة وغطاء عين للسفر,outdoor_travel,travel|outdoor_travel,travel,practical|modern,95,SAR,under_100,14,65,birthday|graduation|thank_you|just_because|eid|achievement,friend|best_friend|partner|mother|father|sister|brother|relative|colleague|classmate,0.82,0.08,0.55,false,false,false,true,4,Decathlon / Noon,,,demo,,
GC-0135,Universal travel adapter with USB-C,محول سفر عالمي مع منفذ USB-C,outdoor_travel,travel|technology|outdoor_travel,travel|technology,practical|modern,130,SAR,100_250,14,65,birthday|graduation|thank_you|just_because|eid|achievement,friend|best_friend|partner|mother|father|sister|brother|relative|colleague|classmate,0.82,0.08,0.55,false,false,false,true,4,Decathlon / Noon,,,demo,,
GC-0136,Scratch-off world map poster,خريطة عالم قابلة للكشط,outdoor_travel,travel|home_decor|outdoor_travel,travel|home_decor,practical|modern,120,SAR,100_250,14,65,birthday|graduation|thank_you|just_because|eid|achievement,friend|best_friend|partner|mother|father|sister|brother|relative|colleague|classmate,0.82,0.08,0.7,false,false,false,true,4,Decathlon / Noon,,,demo,,
GC-0137,2-person camping tent,خيمة تخييم لشخصين,outdoor_travel,outdoors|outdoor_travel,outdoors,practical|modern,480,SAR,250_500,14,65,birthday|graduation|thank_you|just_because|eid|achievement,friend|best_friend|partner|mother|father|sister|brother|relative|colleague|classmate,0.82,0.08,0.55,false,false,false,true,5,Decathlon / Noon,,,demo,,
GC-0138,"Portable camping chair, folding",كرسي تخييم محمول قابل للطي,outdoor_travel,outdoors|outdoor_travel,outdoors,practical|modern,175,SAR,100_250,14,65,birthday|graduation|thank_you|just_because|eid|achievement,friend|best_friend|partner|mother|father|sister|brother|relative|colleague|classmate,0.82,0.08,0.55,false,false,false,true,4,Decathlon / Noon,,,demo,,
GC-0139,Insulated cooler backpack,حقيبة ظهر مبردة معزولة,outdoor_travel,outdoors|travel|outdoor_travel,outdoors|travel,practical|modern,230,SAR,100_250,14,65,birthday|graduation|thank_you|just_because|eid|achievement,friend|best_friend|partner|mother|father|sister|brother|relative|colleague|classmate,0.82,0.08,0.55,false,false,false,true,4,Decathlon / Noon,,,demo,,
GC-0140,Rechargeable camping lantern,فانوس تخييم قابل للشحن,outdoor_travel,outdoors|outdoor_travel,outdoors,practical|modern,140,SAR,100_250,14,65,birthday|graduation|thank_you|just_because|eid|achievement,friend|best_friend|partner|mother|father|sister|brother|relative|colleague|classmate,0.82,0.08,0.55,false,false,false,true,4,Decathlon / Noon,,,demo,,
GC-0141,Beach towel and dry bag set,طقم منشفة شاطئ مع حقيبة مقاومة للماء,outdoor_travel,sea_diving|outdoors|outdoor_travel,sea_diving|outdoors,practical|modern,130,SAR,100_250,14,65,birthday|graduation|thank_you|just_because|eid|achievement,friend|best_friend|partner|mother|father|sister|brother|relative|colleague|classmate,0.82,0.08,0.55,false,false,false,true,4,Decathlon / Noon,,,demo,,
GC-0142,Waterproof action camera mount kit,طقم حوامل كاميرا أكشن مقاوم للماء,outdoor_travel,sea_diving|photography|outdoor_travel,sea_diving|photography,practical|modern,195,SAR,100_250,14,65,birthday|graduation|thank_you|just_because|eid|achievement,friend|best_friend|partner|mother|father|sister|brother|relative|colleague|classmate,0.82,0.08,0.55,false,false,false,true,4,Decathlon / Noon,,,demo,,
GC-0143,"Latte art workshop for two, Jeddah",ورشة فن اللاتيه لشخصين، جدة,experience,coffee|cafe_culture|experience,coffee|cafe_culture,modern,380,SAR,250_500,16,65,birthday|graduation|anniversary|wedding|achievement|thank_you|just_because|eid|new_job,friend|best_friend|partner|mother|father|sister|brother|relative,0.85,0.15,0.8,true,false,false,true,0,Jeddah venue / experience provider,,,demo,,
GC-0144,Matcha and pastry tasting for two,تجربة تذوق ماتشا ومعجنات لشخصين,experience,matcha|cafe_culture|experience,matcha|cafe_culture,modern,260,SAR,250_500,16,65,birthday|graduation|anniversary|wedding|achievement|thank_you|just_because|eid|new_job,friend|best_friend|partner|mother|father|sister|brother|relative,0.85,0.15,0.8,true,false,false,true,0,Jeddah venue / experience provider,,,demo,,
GC-0145,"Pottery class, single session",درس فخار (جلسة واحدة),experience,art|experience,art,modern,320,SAR,250_500,16,65,birthday|graduation|anniversary|wedding|achievement|thank_you|just_because|eid|new_job,friend|best_friend|partner|mother|father|sister|brother|relative,0.85,0.15,0.8,true,false,false,true,0,Jeddah venue / experience provider,,,demo,,
GC-0146,Acrylic painting night for two,أمسية رسم بالأكريليك لشخصين,experience,art|experience,art,modern,280,SAR,250_500,16,65,birthday|graduation|anniversary|wedding|achievement|thank_you|just_because|eid|new_job,friend|best_friend|partner|mother|father|sister|brother|relative,0.85,0.15,0.8,true,false,false,true,0,Jeddah venue / experience provider,,,demo,,
GC-0147,"Red Sea discovery dive, beginner",غطسة استكشافية في البحر الأحمر للمبتدئين,experience,sea_diving|outdoors|experience,sea_diving|outdoors,modern,650,SAR,500_1000,16,55,birthday|graduation|anniversary|wedding|achievement|thank_you|just_because|eid|new_job,friend|best_friend|partner|mother|father|sister|brother|relative,0.85,0.15,0.8,true,false,false,true,0,Jeddah venue / experience provider,,,demo,,
GC-0148,"Sunset boat trip, Jeddah corniche",رحلة قارب عند الغروب، كورنيش جدة,experience,sea_diving|travel|experience,sea_diving|travel,modern,450,SAR,250_500,16,65,birthday|graduation|anniversary|wedding|achievement|thank_you|just_because|eid|new_job,friend|best_friend|partner|mother|father|sister|brother|relative,0.85,0.15,0.8,true,false,false,true,0,Jeddah venue / experience provider,,,demo,,
GC-0149,"Karting session, 2 races",جلسة كارتينغ (سباقان),experience,formula1|cars|experience,formula1|cars,modern,220,SAR,100_250,12,55,birthday|graduation|anniversary|wedding|achievement|thank_you|just_because|eid|new_job,friend|best_friend|partner|mother|father|sister|brother|relative,0.85,0.15,0.8,true,false,false,true,0,Jeddah venue / experience provider,,,demo,,
GC-0150,"Football match ticket, local league",تذكرة مباراة كرة قدم للدوري المحلي,experience,football|experience,football,modern,180,SAR,100_250,16,65,birthday|graduation|anniversary|wedding|achievement|thank_you|just_because|eid|new_job,friend|best_friend|partner|mother|father|sister|brother|relative,0.85,0.15,0.6,true,false,false,true,0,Jeddah venue / experience provider,,,demo,,
GC-0151,Escape room for a group of four,غرفة هروب لمجموعة من ٤ أشخاص,experience,board_games|experience,board_games,modern,400,SAR,250_500,12,55,birthday|graduation|anniversary|wedding|achievement|thank_you|just_because|eid|new_job,friend|best_friend|partner|mother|father|sister|brother|relative,0.85,0.15,0.8,true,false,false,true,0,Jeddah venue / experience provider,,,demo,,
GC-0152,Photography walk workshop,ورشة تصوير ميدانية,experience,photography|experience,photography,modern,350,SAR,250_500,16,65,birthday|graduation|anniversary|wedding|achievement|thank_you|just_because|eid|new_job,friend|best_friend|partner|mother|father|sister|brother|relative,0.85,0.15,0.8,true,false,false,true,0,Jeddah venue / experience provider,,,demo,,
GC-0153,Spa day voucher,قسيمة يوم سبا,experience,skincare|experience,skincare,modern,550,SAR,500_1000,16,65,birthday|graduation|anniversary|wedding|achievement|thank_you|just_because|eid|new_job,partner|best_friend|sister|mother,0.85,0.35,0.8,true,false,false,true,0,Jeddah venue / experience provider,,,demo,,
GC-0154,"Cooking class, Saudi cuisine",درس طبخ للمأكولات السعودية,experience,cooking|experience,cooking,modern,380,SAR,250_500,16,65,birthday|graduation|anniversary|wedding|achievement|thank_you|just_because|eid|new_job,friend|best_friend|partner|mother|father|sister|brother|relative,0.85,0.15,0.8,true,false,false,true,0,Jeddah venue / experience provider,,,demo,,
GC-0155,Concert or live music ticket,تذكرة حفل موسيقي,experience,music|experience,music,modern,420,SAR,250_500,16,65,birthday|graduation|anniversary|wedding|achievement|thank_you|just_because|eid|new_job,friend|best_friend|partner|mother|father|sister|brother|relative,0.85,0.15,0.6,true,false,false,true,0,Jeddah venue / experience provider,,,demo,,
GC-0156,Desert stargazing trip for two,رحلة مراقبة النجوم في الصحراء لشخصين,experience,outdoors|travel|experience,outdoors|travel,modern,520,SAR,500_1000,16,65,birthday|graduation|anniversary|wedding|achievement|thank_you|just_because|eid|new_job,friend|best_friend|partner|mother|father|sister|brother|relative,0.85,0.15,0.8,true,false,false,true,0,Jeddah venue / experience provider,,,demo,,
GC-0157,Personalised pet collar with name tag,طوق حيوان أليف بالاسم,pets,pets,pets,cute|practical,95,SAR,under_100,12,70,birthday|graduation|thank_you|just_because|eid|achievement,friend|best_friend|partner|mother|father|sister|brother|relative|colleague|classmate,0.75,0.1,0.55,false,true,false,true,3,Pet shop / Noon,,,demo,,
GC-0158,Cat tree with scratching posts,شجرة قطط مع أعمدة خدش,pets,pets,pets,cute|practical,340,SAR,250_500,12,70,birthday|graduation|thank_you|just_because|eid|achievement,friend|best_friend|partner|mother|father|sister|brother|relative|colleague|classmate,0.75,0.1,0.55,false,false,false,true,5,Pet shop / Noon,,,demo,,
GC-0159,Interactive dog puzzle toy,لعبة أحجية تفاعلية للكلاب,pets,pets|board_games,pets|board_games,cute|practical,110,SAR,100_250,12,70,birthday|graduation|thank_you|just_because|eid|achievement,friend|best_friend|partner|mother|father|sister|brother|relative|colleague|classmate,0.75,0.1,0.55,false,false,false,true,3,Pet shop / Noon,,,demo,,
GC-0160,"Orthopaedic pet bed, medium",سرير حيوان أليف طبي (متوسط),pets,pets,pets,cute|practical,230,SAR,100_250,12,70,birthday|graduation|thank_you|just_because|eid|achievement,friend|best_friend|partner|mother|father|sister|brother|relative|colleague|classmate,0.75,0.1,0.55,false,false,false,true,3,Pet shop / Noon,,,demo,,
GC-0161,Automatic pet water fountain,نافورة ماء أوتوماتيكية للحيوانات,pets,pets|technology,pets|technology,cute|practical,190,SAR,100_250,12,70,birthday|graduation|thank_you|just_because|eid|achievement,friend|best_friend|partner|mother|father|sister|brother|relative|colleague|classmate,0.75,0.1,0.55,false,false,false,true,3,Pet shop / Noon,,,demo,,
GC-0162,Pet grooming kit,طقم عناية بالحيوانات الأليفة,pets,pets,pets,cute|practical,145,SAR,100_250,12,70,birthday|graduation|thank_you|just_because|eid|achievement,friend|best_friend|partner|mother|father|sister|brother|relative|colleague|classmate,0.75,0.1,0.55,false,false,false,true,3,Pet shop / Noon,,,demo,,
GC-0163,"Custom pet portrait, printed and framed",لوحة مطبوعة مؤطرة لحيوانك الأليف,pets,pets|art|home_decor,pets|art|home_decor,cute|practical,265,SAR,250_500,12,70,birthday|graduation|thank_you|just_because|eid|achievement,friend|best_friend|partner|mother|father|sister|brother|relative|colleague|classmate,0.75,0.1,0.8,false,true,false,true,8,Pet shop / Noon,,,demo,,
GC-0164,Pet treat and toy gift box,علبة هدايا مكافآت وألعاب للحيوانات,pets,pets,pets,cute|practical,120,SAR,100_250,12,70,birthday|graduation|thank_you|just_because|eid|achievement,friend|best_friend|partner|mother|father|sister|brother|relative|colleague|classmate,0.75,0.1,0.55,false,false,false,true,3,Pet shop / Noon,,,demo,,
GC-0165,Matcha sifter tin,علبة منخل ماتشا,drinkware,matcha|drinkware,matcha,minimal|cozy,45,SAR,under_100,16,70,birthday|graduation|thank_you|just_because|eid|achievement,friend|best_friend|partner|mother|father|sister|brother|relative|colleague|classmate,0.88,0.05,0.55,false,false,false,true,3,Noon / Tavola / local roastery,,,demo,,
GC-0166,Reusable iced coffee cup with straw,كوب قهوة مثلجة قابل لإعادة الاستخدام مع شفاطة,drinkware,coffee|cafe_culture|drinkware,coffee|cafe_culture,minimal|cozy,55,SAR,under_100,16,70,birthday|graduation|thank_you|just_because|eid|achievement,friend|best_friend|partner|mother|father|sister|brother|relative|colleague|classmate,0.88,0.05,0.55,false,false,false,true,3,Noon / Tavola / local roastery,,,demo,,
GC-0167,"Single-origin coffee bag, 250g",كيس قهوة أحادية المصدر ٢٥٠ جم,food_gourmet,coffee|food_gourmet,coffee,cozy|classic,80,SAR,under_100,12,80,birthday|graduation|thank_you|just_because|eid|achievement,friend|best_friend|partner|mother|father|sister|brother|relative|colleague|classmate,0.72,0.12,0.45,false,false,false,true,2,Tamimi / Danube / local roastery,,,demo,,
GC-0168,Pocket poetry collection,ديوان شعر بحجم الجيب,books_stationery,reading|books_stationery,reading,minimal|classic,45,SAR,under_100,12,70,birthday|graduation|thank_you|just_because|eid|achievement,friend|best_friend|partner|mother|father|sister|brother|relative|colleague|classmate,0.85,0.08,0.5,false,false,false,true,2,Jarir / Noon,,,demo,,
GC-0169,"Gel pen set, 20 colours",طقم أقلام جل ٢٠ لون,books_stationery,stationery|art|books_stationery,stationery|art,minimal|classic,40,SAR,under_100,12,70,birthday|graduation|thank_you|just_because|eid|achievement,friend|best_friend|partner|mother|father|sister|brother|relative|colleague|classmate,0.85,0.08,0.5,false,false,false,true,2,Jarir / Noon,,,demo,,
GC-0170,Phone ring holder and stand,حلقة مسك وحامل للجوال,tech_gaming,technology|tech_gaming,technology,modern|practical,35,SAR,under_100,12,65,birthday|graduation|anniversary|wedding|achievement|thank_you|just_because|eid|new_job,friend|best_friend|partner|mother|father|sister|brother|relative|colleague|classmate,0.55,0.05,0.5,false,false,false,true,3,Jarir / Extra / Amazon.sa,,,demo,,
GC-0171,Braided cable organiser set,طقم تنظيم كوابل مجدول,tech_gaming,technology|tech_gaming,technology,modern|practical,45,SAR,under_100,12,65,birthday|graduation|anniversary|wedding|achievement|thank_you|just_because|eid|new_job,friend|best_friend|partner|mother|father|sister|brother|relative|colleague|classmate,0.6,0.05,0.5,false,false,false,true,3,Jarir / Extra / Amazon.sa,,,demo,,
GC-0172,Small reed diffuser,موزع عطر صغير بالأعواد,home_decor,home_decor|fragrance,home_decor|fragrance,minimal|cozy,70,SAR,under_100,16,75,birthday|graduation|anniversary|wedding|achievement|thank_you|just_because|eid|new_job,friend|best_friend|partner|mother|father|sister|brother|relative|colleague|classmate,0.82,0.1,0.5,false,false,false,true,4,IKEA / Homes R Us / Noon,,,demo,,
GC-0173,"Warm LED string lights, 10m",إضاءة خيطية دافئة ١٠ متر,home_decor,home_decor,home_decor,minimal|cozy,55,SAR,under_100,16,75,birthday|graduation|anniversary|wedding|achievement|thank_you|just_because|eid|new_job,friend|best_friend|partner|mother|father|sister|brother|relative|colleague|classmate,0.82,0.1,0.5,false,false,false,true,4,IKEA / Homes R Us / Noon,,,demo,,
GC-0174,Lip care trio,ثلاثية العناية بالشفاه,beauty_fragrance,skincare|beauty_fragrance,skincare,classic|luxury,60,SAR,under_100,16,70,birthday|graduation|thank_you|just_because|eid|achievement,friend|best_friend|partner|mother|father|sister|brother|relative,0.8,0.18,0.45,false,false,false,true,3,Nice One / Whites / Arabian Oud,,,demo,,
GC-0175,Football club keyring and lanyard,ميدالية مفاتيح نادي كرة قدم,sports_fitness,football|sports_fitness,football,sporty|practical,55,SAR,under_100,12,65,birthday|graduation|thank_you|just_because|eid|achievement,friend|best_friend|partner|mother|father|sister|brother|relative|colleague|classmate,0.8,0.22,0.5,false,false,false,true,3,Sun & Sand Sports / Decathlon,,,demo,,
GC-0176,Weighted skipping rope,حبل نط موزون,sports_fitness,fitness|sports_fitness,fitness,sporty|practical,75,SAR,under_100,12,65,birthday|graduation|thank_you|just_because|eid|achievement,friend|best_friend|partner|mother|father|sister|brother|relative|colleague|classmate,0.8,0.22,0.5,false,false,false,true,3,Sun & Sand Sports / Decathlon,,,demo,,
GC-0177,Mini F1 team keyring,ميدالية مفاتيح فريق فورمولا ١,hobby_collectibles,formula1|collectibles|hobby_collectibles,formula1|collectibles,colourful|modern,50,SAR,under_100,8,60,birthday|graduation|thank_you|just_because|eid|achievement,friend|best_friend|partner|mother|father|sister|brother|relative|colleague|classmate,0.88,0.06,0.65,false,false,false,true,4,Jarir / Virgin Megastore / Noon,,,demo,,
GC-0178,Premium playing card deck,مجموعة ورق لعب فاخرة,hobby_collectibles,board_games|hobby_collectibles,board_games,colourful|modern,60,SAR,under_100,8,60,birthday|graduation|thank_you|just_because|eid|achievement,friend|best_friend|partner|mother|father|sister|brother|relative|colleague|classmate,0.88,0.06,0.65,false,false,false,true,4,Jarir / Virgin Megastore / Noon,,,demo,,
GC-0179,Carabiner bottle clip and mini tool,مشبك قارورة مع أداة صغيرة,outdoor_travel,outdoors|outdoor_travel,outdoors,practical|modern,40,SAR,under_100,14,65,birthday|graduation|thank_you|just_because|eid|achievement,friend|best_friend|partner|mother|father|sister|brother|relative|colleague|classmate,0.82,0.08,0.55,false,false,false,true,4,Decathlon / Noon,,,demo,,
GC-0180,Catnip toy set,طقم ألعاب النعناع البري للقطط,pets,pets,pets,cute|practical,45,SAR,under_100,12,70,birthday|graduation|thank_you|just_because|eid|achievement,friend|best_friend|partner|mother|father|sister|brother|relative|colleague|classmate,0.75,0.1,0.55,false,false,false,true,3,Pet shop / Noon,,,demo,,
GC-0181,Home gaming console bundle,حزمة جهاز ألعاب منزلي,tech_gaming,gaming|tech_gaming,gaming,modern|practical,1890,SAR,1000_plus,12,65,birthday|graduation|anniversary|wedding|achievement|thank_you|just_because|eid|new_job,friend|best_friend|partner|mother|father|sister|brother|relative|colleague|classmate,0.85,0.05,0.5,false,false,false,true,5,Jarir / Extra / Amazon.sa,,,demo,,
GC-0182,Entry-level mirrorless camera with kit lens,كاميرا ميرورليس للمبتدئين مع عدسة,tech_gaming,photography|tech_gaming,photography,modern|practical,2450,SAR,1000_plus,12,65,birthday|graduation|anniversary|wedding|achievement|thank_you|just_because|eid|new_job,friend|best_friend|partner|mother|father|sister|brother|relative|colleague|classmate,0.85,0.05,0.5,false,false,false,true,5,Jarir / Extra / Amazon.sa,,,demo,,
GC-0183,Studio over-ear headphones,سماعات استوديو فوق الأذن,tech_gaming,music|tech_gaming,music,modern|practical,1150,SAR,1000_plus,12,65,birthday|graduation|anniversary|wedding|achievement|thank_you|just_because|eid|new_job,friend|best_friend|partner|mother|father|sister|brother|relative|colleague|classmate,0.85,0.05,0.5,false,false,false,true,3,Jarir / Extra / Amazon.sa,,,demo,,
GC-0184,Gold-plated automatic watch,ساعة أوتوماتيكية مطلية بالذهب,jewellery_watches,watches|jewellery_watches,watches,classic|luxury,1350,SAR,1000_plus,16,70,birthday|anniversary|wedding|graduation|eid|achievement,partner|best_friend|sister|mother,0.85,0.35,0.45,false,false,false,true,4,Jarir / Noon / local jeweller,,,demo,,
GC-0185,Indoor exercise bike,دراجة تمارين داخلية,sports_fitness,fitness|sports_fitness,fitness,sporty|practical,1750,SAR,1000_plus,12,65,birthday|graduation|thank_you|just_because|eid|achievement,friend|best_friend|partner|mother|father|sister|brother|relative|colleague|classmate,0.8,0.22,0.5,false,false,false,true,7,Sun & Sand Sports / Decathlon,,,demo,,
GC-0186,Robot vacuum cleaner,مكنسة روبوت,home_decor,home_decor|technology,home_decor|technology,minimal|cozy,1290,SAR,1000_plus,16,75,birthday|graduation|anniversary|wedding|achievement|thank_you|just_because|eid|new_job,friend|best_friend|partner|mother|father|sister|brother|relative|colleague|classmate,0.7,0.1,0.5,false,false,false,true,5,IKEA / Homes R Us / Noon,,,demo,,
GC-0187,Weekend desert glamping for two,إقامة تخييم فاخر في الصحراء لشخصين,experience,outdoors|travel|experience,outdoors|travel,modern,1600,SAR,1000_plus,16,65,birthday|graduation|anniversary|wedding|achievement|thank_you|just_because|eid|new_job,friend|best_friend|partner|mother|father|sister|brother|relative,0.85,0.15,0.85,true,false,false,true,0,Jeddah venue / experience provider,,,demo,,
